<assembly>
  <baseDirectory>/${project.basedir}</baseDirectory>
  <formats>
	<format>zip</format>
  </formats>
  <includeBaseDirectory>false</includeBaseDirectory>
  <fileSets>	
	
	<fileSet>
      <directory>${project.basedir}</directory>
      <outputDirectory></outputDirectory>
	  <includes>
        <include>**/*.sh</include>
        <include>**/*.properties</include>
        <include>**/*.jar</include>
        <include>**/*.py</include>
        <include>**/*.hql</include>
        <include>**/*.ctm</include>
		<include>**/*.scala</include>
		<include>**/*.java</include>
		<include>**/*.class</include>
        <include>**/*.sql</include>
		<include>**/*.txt</include>
		<include>**/*.password</include>
	  </includes>
      <excludes>
		<exclude>**/target/**</exclude>
	  </excludes>
	  <lineEnding>unix</lineEnding>
	  <fileMode>0755</fileMode>
    </fileSet>
	
	<fileSet>
      <directory>changeset</directory>
	  <outputDirectory>changeset</outputDirectory>
	  <includes>
        <include>changeset.txt</include>
	  </includes>
	  <lineEnding>unix</lineEnding>
	  <fileMode>0755</fileMode>
    </fileSet>
	
  </fileSets>
</assembly>
