{  
      "enumTypes":[  

      ],
      "structTypes":[  

      ],
      "traitTypes":[  

      ],
      "classTypes":[  
         {  
            "superTypes":[  
               "Process"
            ],
            "hierarchicalMetaTypeName":"org.apache.atlas.typesystem.types.ClassType",
            "typeName":"d_bdp_Process",
            "typeDescription":"d_bdp_Process",
            "typeVersion":"1.0",
            "attributeDefinitions":[  
               {  
                  "name":"startTime",
                  "dataTypeName":"date",
                  "multiplicity":"required",
                  "isComposite":false,
                  "isUnique":false,
                  "isIndexable":false,
                  "reverseAttributeName":null
               },
               {  
                  "name":"endTime",
                  "dataTypeName":"date",
                  "multiplicity":"required",
                  "isComposite":false,
                  "isUnique":false,
                  "isIndexable":false,
                  "reverseAttributeName":null
               },
               {  
                  "name":"userName",
                  "dataTypeName":"string",
                  "multiplicity":"required",
                  "isComposite":false,
                  "isUnique":false,
                  "isIndexable":true,
                  "reverseAttributeName":null
               },
               {  
                  "name":"operationType",
                  "dataTypeName":"string",
                  "multiplicity":"required",
                  "isComposite":false,
                  "isUnique":false,
                  "isIndexable":true,
                  "reverseAttributeName":null
               },
               {  
                  "name":"clusterName",
                  "dataTypeName":"string",
                  "multiplicity":"optional",
                  "isComposite":false,
                  "isUnique":false,
                  "isIndexable":false,
                  "reverseAttributeName":null
               },
               {  
                  "name":"queryGraph",
                  "dataTypeName":"string",
                  "multiplicity":"optional",
                  "isComposite":false,
                  "isUnique":false,
                  "isIndexable":false,
                  "reverseAttributeName":null
               }
            ]
         }
      ]
   }