{
    "enumTypes":[],
    "structTypes":[],
    "traitTypes":[],
    "classTypes":[{
        "superTypes":["DataSet"],
        "hierarchicalMetaTypeName":"org.apache.atlas.typesystem.types.ClassType",
        "typeName":"d_bdp_IngestionAttribute",
        "typeVersion":"0.1",
        "typeDescription":"Atlas Custom Type for metadata related to the attributes of an ingestion dataset defined in BDP.",
        "attributeDefinitions":[  
            {
                "name":"ingestionDataset",
                "dataTypeName":"d_bdp_IngestionDataset",
                "multiplicity":"required",
                "isComposite":false,
                "isUnique":false,
                "isIndexable":true,
                "reverseAttributeName":null
            }
            ,{
                "name":"columnOrder",
                "dataTypeName":"int",
                "multiplicity":"required",
                "isComposite":false,
                "isUnique":false,
                "isIndexable":false,
                "reverseAttributeName":null
            }
            ,{
                "name":"fixedWidth",
                "dataTypeName":"int",
                "multiplicity":"optional",
                "isComposite":false,
                "isUnique":false,
                "isIndexable":false,
                "reverseAttributeName":null
             }
            ,{
               "name":"type",
               "dataTypeName":"string",
               "multiplicity":"required",
               "isComposite":false,
               "isUnique":false,
               "isIndexable":true,
               "reverseAttributeName":null
            }
            ,{
               "name":"format",
               "dataTypeName":"string",
               "multiplicity":"optional",
               "isComposite":false,
               "isUnique":false,
               "isIndexable":false,
               "reverseAttributeName":null
            }
            ,{
               "name":"isPrimaryKey",
               "dataTypeName":"boolean",
               "multiplicity":"required",
               "isComposite":false,
               "isUnique":false,
               "isIndexable":true,
               "reverseAttributeName":null
            }
            ,{
                "name":"isUnique",
                "dataTypeName":"boolean",
                "multiplicity":"required",
                "isComposite":false,
                "isUnique":false,
                "isIndexable":true,
                "reverseAttributeName":null
            }
            ,{
               "name":"isOptional",
               "dataTypeName":"boolean",
               "multiplicity":"required",
               "isComposite":false,
               "isUnique":false,
               "isIndexable":false,
               "reverseAttributeName":null
            }
            ,{
               "name":"isSensitive",
               "dataTypeName":"boolean",
               "multiplicity":"required",
               "isComposite":false,
               "isUnique":false,
               "isIndexable":true,
               "reverseAttributeName":null
            }
            ,{
               "name":"isTokenizedOutsideBDP",
               "dataTypeName":"boolean",
               "multiplicity":"required",
               "isComposite":false,
               "isUnique":false,
               "isIndexable":true,
               "reverseAttributeName":null
            }
            ,{
               "name":"loadColumn",
               "dataTypeName":"boolean",
               "multiplicity":"required",
               "isComposite":false,
               "isUnique":false,
               "isIndexable":false,
               "reverseAttributeName":null
            }
            ,{
               "name":"govBusGlossary",
               "dataTypeName":"string",
               "multiplicity":"optional",
               "isComposite":false,
               "isUnique":false,
               "isIndexable":true,
               "reverseAttributeName":null
            }
        ]
    }]
}