{
    "enumTypes":[],
    "structTypes":[],
    "traitTypes":[],
    "classTypes":[{  
        "superTypes":["DataSet"],
        "hierarchicalMetaTypeName":"org.apache.atlas.typesystem.types.ClassType",
        "typeName":"d_bdp_SOR",
        "typeVersion":"1.0",
        "typeDescription":"Atlas Custom Type for metadata related to data Provider or Consumers (SOR) for BDP in batch mode. In most cases, this relates one to one with Westpac Application Inventory.",
        "attributeDefinitions":[
            {
                "name":"abbreviation",
                "dataTypeName":"string",
                "multiplicity":"optional",
                "isOptional":false,
                "isComposite":false,
                "isUnique":false,
                "isIndexable":true,
                "reverseAttributeName":null
            }
        ]
    }]
}
