{
    "enumTypes":[],
    "structTypes":[],
    "traitTypes":[],
    "classTypes":[{  
        "superTypes":["DataSet"],
        "hierarchicalMetaTypeName":"org.apache.atlas.typesystem.types.ClassType",
        "typeName":"d_bdp_IngestionDataset",
        "typeVersion":"0.1",
        "typeDescription":"Atlas Custom Type for metadata related to the dataset ingested into BDP in batch mode.",
        "attributeDefinitions":[
            {
                "name":"sor",
                "dataTypeName":"d_bdp_SOR",
                "multiplicity":"required",
                "isComposite":false,
                "isUnique":false,
                "isIndexable":true,
                "reverseAttributeName":null
            }
            ,{
                "name":"loadRegion",
                "dataTypeName":"string",
                "multiplicity":"required",
                "isComposite":false,
                "isUnique":false,
                "isIndexable":true,
                "reverseAttributeName":null
            }
            ,{
                "name":"sourceImageName",
                "dataTypeName":"string",
                "multiplicity":"required",
                "isComposite":false,
                "isUnique":false,
                "isIndexable":true,
                "reverseAttributeName":null
            }
            ,{
                "name":"hadoopStorage",
                "dataTypeName":"string",
                "multiplicity":"required",
                "isComposite":false,
                "isUnique":false,
                "isIndexable":true,
                "reverseAttributeName":null
            }
            ,{
                "name":"type",
                "dataTypeName":"string",
                "multiplicity":"required",
                "isComposite":false,
                "isUnique":false,
                "isIndexable":true,
                "reverseAttributeName":null
            }
            ,{
                "name":"ffLayout",
                "dataTypeName":"string",
                "multiplicity":"optional",
                "isComposite":false,
                "isUnique":false,
                "isIndexable":true,
                "reverseAttributeName":null
            }
            ,{
                "name":"ffHeaderLines",
                "dataTypeName":"int",
                "multiplicity":"optional",
                "isComposite":false,
                "isUnique":false,
                "isIndexable":false,
                "reverseAttributeName":null
            }
            ,{
                "name":"ffTrailerLines",
                "dataTypeName":"int",
                "multiplicity":"optional",
                "isComposite":false,
                "isUnique":false,
                "isIndexable":false,
                "reverseAttributeName":null
            }
            ,{
                "name":"ffDelimiterType",
                "dataTypeName":"string",
                "multiplicity":"optional",
                "isComposite":false,
                "isUnique":false,
                "isIndexable":false,
                "reverseAttributeName":null
            }
            ,{
                "name":"ffColDelimiter",
                "dataTypeName":"string",
                "multiplicity":"optional",
                "isComposite":false,
                "isUnique":false,
                "isIndexable":false,
                "reverseAttributeName":null
            }
            ,{
                "name":"ffTextQualifier",
                "dataTypeName":"string",
                "multiplicity":"optional",
                "isComposite":false,
                "isUnique":false,
                "isIndexable":false,
                "reverseAttributeName":null
            }
            ,{
                "name":"ffRowDelimiter",
                "dataTypeName":"string",
                "multiplicity":"optional",
                "isComposite":false,
                "isUnique":false,
                "isIndexable":false,
                "reverseAttributeName":null
            }
            ,{
                "name":"dbConnection",
                "dataTypeName":"string",
                "multiplicity":"optional",
                "isComposite":false,
                "isUnique":false,
                "isIndexable":false,
                "reverseAttributeName":null
            }
            ,{
                "name":"schemaDefinition",
                "dataTypeName":"string",
                "multiplicity":"optional",
                "isComposite":false,
                "isUnique":false,
                "isIndexable":false,
                "reverseAttributeName":null
            }
            ,{
                "name":"govDataDomain",
                "dataTypeName":"string",
                "multiplicity":"optional",
                "isComposite":false,
                "isUnique":false,
                "isIndexable":true,
                "reverseAttributeName":null
            }
            ,{
                "name":"govECDM",
                "dataTypeName":"string",
                "multiplicity":"optional",
                "isComposite":false,
                "isUnique":false,
                "isIndexable":true,
                "reverseAttributeName":null
            }
            ,{
                "name":"loadType",
                "dataTypeName":"string",
                "multiplicity":"required",
                "isComposite":false,
                "isUnique":false,
                "isIndexable":true,
                "reverseAttributeName":null
            }
            ,{
                "name":"deltaType",
                "dataTypeName":"string",
                "multiplicity":"optional",
                "isComposite":false,
                "isUnique":false,
                "isIndexable":true,
                "reverseAttributeName":null
            }
            ,{
                "name":"previousLoadCompletion",
                "dataTypeName":"boolean",
                "multiplicity":"required",
                "isComposite":false,
                "isUnique":false,
                "isIndexable":true,
                "reverseAttributeName":null
            }
            ,{
                "name":"notification",
                "dataTypeName":"boolean",
                "multiplicity":"required",
                "isComposite":false,
                "isUnique":false,
                "isIndexable":true,
                "reverseAttributeName":null
            }
            ,{
                "name":"partition",
                "dataTypeName":"string",
                "multiplicity":"required",
                "isComposite":false,
                "isUnique":false,
                "isIndexable":true,
                "reverseAttributeName":null
            }
            ,{
                "name":"priority",
                "dataTypeName":"int",
                "multiplicity":"required",
                "isComposite":false,
                "isUnique":false,
                "isIndexable":true,
                "reverseAttributeName":null
            }
            ,{
                "name":"needLatestSnap",
                "dataTypeName":"boolean",
                "multiplicity":"required",
                "isComposite":false,
                "isUnique":false,
                "isIndexable":true,
                "reverseAttributeName":null
            }
            ,{
                "name":"sorObjectName",
                "dataTypeName":"string",
                "multiplicity":"optional",
                "isComposite":false,
                "isUnique":false,
                "isIndexable":true,
                "reverseAttributeName":null
            }        ]
    }]
}