{
    "enumTypes":[],
    "structTypes":[],
    "traitTypes":[],
    "classTypes":[{  
        "superTypes":["DataSet"],
        "hierarchicalMetaTypeName":"org.apache.atlas.typesystem.types.ClassType",
        "typeName":"d_bdp_IngestionRule",
        "typeVersion":"0.1",
        "typeDescription":"Atlas Custom Type for metadata related to the rules used during ingestion into BDP in batch mode. Eventually, the rule name should be a pointer to a rules engine process flow.",
        "attributeDefinitions":[  
            {  
                "name":"ingestionDataset",
                "dataTypeName":"d_bdp_IngestionDataset",
                "multiplicity":"required",
                "isComposite":false,
                "isUnique":false,
                "isIndexable":true,
                "reverseAttributeName":null
            }
            ,{
                "name":"type",
                "dataTypeName":"string",
                "multiplicity":"required",
                "isComposite":false,
                "isUnique":false,
                "isIndexable":true,
                "reverseAttributeName":null
            }
            ,{
                "name":"logic",
                "dataTypeName":"string",
                "multiplicity":"required",
                "isComposite":false,
                "isUnique":false,
                "isIndexable":false,
                "reverseAttributeName":null
            }
        ]
    }]
}